ColumnId,TemplateId,FrameworkId,Name,SheetName,DestinationTable,FieldGroup,ShortName,FieldName,DisplayName,ExportsTo,SqlDataType,MaxLength,SystemDataType,Mandatory,Hidden,Category,FrameworkNumber
16481,230,394,Vehicle Hire (RM807),InvoicesRaised,Invoices,Default,ContractNumber,ContractNumber,Contract Number,! do not export,varchar,255,System.String,False,,Travel,RM807
16287,230,394,Vehicle Hire (RM807),InvoicesRaised,Invoices,Default,CostCentre,CostCentre,Cost Centre,! do not export,varchar,255,System.String,False,,Travel,RM807
5942,230,394,Vehicle Hire (RM807),InvoicesRaised,Invoices,User Defined,MilesTravelled,XCol9,Miles Travelled,Additional6,"decimal(18,4)",,System.Decimal,False,False,Travel,RM807
5943,230,394,Vehicle Hire (RM807),InvoicesRaised,Invoices,User Defined,RefulChgincfuelExVAT,XCol10,Refuelling Charges inc fuel ex VAT,Additional7,"decimal(18,4)",,System.Decimal,False,False,Travel,RM807
5944,230,394,Vehicle Hire (RM807),InvoicesRaised,Invoices,User Defined,RentalCompany,XCol11,Rental Company,Additional8,varchar,100,System.String,False,False,Travel,RM807
5945,230,394,Vehicle Hire (RM807),InvoicesRaised,Invoices,User Defined,BookingMethod,XCol12,Booking Method,,varchar,50,System.String,False,False,Travel,RM807
5946,230,394,Vehicle Hire (RM807),InvoicesRaised,Invoices,User Defined,OnLineBookingDscnt,XCol13,On line booking discount,,"decimal(18,4)",,System.Decimal,False,False,Travel,RM807
5917,230,394,Vehicle Hire (RM807),InvoicesRaised,Invoices,Default,LotNumber,LotNumber,Lot Number,LotNumber,varchar,5,System.String,True,False,Travel,RM807
5918,230,394,Vehicle Hire (RM807),InvoicesRaised,Invoices,Default,CustPostCode,CustPostCode,Customer PostCode,CustomerPostCode,varchar,10,System.String,False,False,Travel,RM807
5919,230,394,Vehicle Hire (RM807),InvoicesRaised,Invoices,Default,CustName,CustName,Customer Organisation,CustomerName,varchar,100,System.String,True,False,Travel,RM807
5920,230,394,Vehicle Hire (RM807),InvoicesRaised,Invoices,Default,CustURN,CustURN,Customer URN,CustomerURN,int,,System.Int32,True,False,Travel,RM807
5921,230,394,Vehicle Hire (RM807),InvoicesRaised,Invoices,Default,CustOrderNum,CustOrderNum,Customer Agreement Number/Reference,CustomerReferenceNumber,varchar,50,System.String,True,False,Travel,RM807
5922,230,394,Vehicle Hire (RM807),InvoicesRaised,Invoices,Default,CustInvoiceDate,CustInvoiceDate,Customer Invoice Date,InvoiceDate,date,,System.Date,True,False,Travel,RM807
5923,230,394,Vehicle Hire (RM807),InvoicesRaised,Invoices,Default,CustInvoiceNum,CustInvoiceNum,Customer Invoice Number,InvoiceNumber,varchar,50,System.String,True,False,Travel,RM807
5924,230,394,Vehicle Hire (RM807),InvoicesRaised,Invoices,Default,CustInvoiceLineNum,CustInvoiceLineNum,Customer Invoice Line Number,! do not export,varchar,20,System.String,True,False,Travel,RM807
5925,230,394,Vehicle Hire (RM807),InvoicesRaised,Invoices,Default,ProductDescription,ProductDescription,Invoice Line Product/Service Description,ProductDescription,varchar,250,System.String,True,False,Travel,RM807
5927,230,394,Vehicle Hire (RM807),InvoicesRaised,Invoices,Default,UNSPSC,UNSPSC,UNSPSC,UNSPSC,int,,System.Int32,False,False,Travel,RM807
5928,230,394,Vehicle Hire (RM807),InvoicesRaised,Invoices,Default,UnitOfPurchase,UnitOfPurchase,Unit of Purchase,UnitType,varchar,50,System.String,True,False,Travel,RM807
5929,230,394,Vehicle Hire (RM807),InvoicesRaised,Invoices,Default,UnitPrice,UnitPrice,Price per Unit,UnitPrice,"decimal(18,4)",,System.Decimal,True,False,Travel,RM807
5930,230,394,Vehicle Hire (RM807),InvoicesRaised,Invoices,Default,UnitQuantity,UnitQuantity,Invoice Line Quantity,UnitQuantity,"decimal(18,4)",,System.Decimal,True,False,Travel,RM807
5931,230,394,Vehicle Hire (RM807),InvoicesRaised,Invoices,Default,InvoiceLineTotal,InvoiceLineTotal,Total Charges (ex VAT),InvoiceValue,"decimal(18,4)",,System.Decimal,True,False,Travel,RM807
5932,230,394,Vehicle Hire (RM807),InvoicesRaised,Invoices,Default,VATIncluded,VATIncluded,VAT Applicable,VATIncluded,bit,5,System.Boolean,True,False,Travel,RM807
5933,230,394,Vehicle Hire (RM807),InvoicesRaised,Invoices,Default,VATCharged,VATCharged,VAT amount charged,VATCharged,"decimal(18,4)",,System.Decimal,True,False,Travel,RM807
5934,230,394,Vehicle Hire (RM807),InvoicesRaised,Invoices,Default,PromotionCode,PromotionCode,Promotion Code,PromotionCode,varchar,50,System.String,False,False,Travel,RM807
5926,230,394,Vehicle Hire (RM807),InvoicesRaised,Invoices,User Defined,InvLineProdSveGrping,XCol1,Invoice Line Product/Service Grouping,ProductGroup,varchar,50,System.String,True,False,Travel,RM807
5935,230,394,Vehicle Hire (RM807),InvoicesRaised,Invoices,User Defined,RentalPeriod,XCol2,Rental Period,Additional1,varchar,50,System.String,False,False,Travel,RM807
5936,230,394,Vehicle Hire (RM807),InvoicesRaised,Invoices,User Defined,VehicleGroupBooked,XCol3,Vehicle Group Booked,Additional2,varchar,50,System.String,False,False,Travel,RM807
5937,230,394,Vehicle Hire (RM807),InvoicesRaised,Invoices,User Defined,VehicleGroupSupplied,XCol4,Vehicle Group Supplied,Additional3,varchar,50,System.String,False,False,Travel,RM807
5938,230,394,Vehicle Hire (RM807),InvoicesRaised,Invoices,User Defined,VehicleMake,XCol5,Vehicle Make,ProductClass,varchar,50,System.String,False,False,Travel,RM807
5939,230,394,Vehicle Hire (RM807),InvoicesRaised,Invoices,User Defined,VehicleDerivative,XCol6,Vehicle Derivative,ProductSubClass,varchar,50,System.String,False,False,Travel,RM807
5940,230,394,Vehicle Hire (RM807),InvoicesRaised,Invoices,User Defined,FuelType,XCol7,Fuel Type,Additional4,varchar,50,System.String,False,False,Travel,RM807
5941,230,394,Vehicle Hire (RM807),InvoicesRaised,Invoices,User Defined,CO2EmissionLevel,XCol8,CO2 Emission Level,Additional5,varchar,50,System.String,False,False,Travel,RM807
10450,446,412,Laundry Services - Wave 2,Invoices,Invoices,Default,CustPostCode,CustPostCode,Customer Postcode,CustomerPostCode,varchar,20,System.String,False,False,Workplace,CM/OSG/05/3565
10451,446,412,Laundry Services - Wave 2,Invoices,Invoices,Default,CustName,CustName,Customer Organisation,CustomerName,varchar,255,System.String,True,False,Workplace,CM/OSG/05/3565
10452,446,412,Laundry Services - Wave 2,Invoices,Invoices,Default,CustURN,CustURN,Customer URN,CustomerURN,int,,System.Int32,True,False,Workplace,CM/OSG/05/3565
10454,446,412,Laundry Services - Wave 2,Invoices,Invoices,Default,CustInvoiceDate,CustInvoiceDate,Customer Invoice Date,InvoiceDate,date,,System.Date,True,False,Workplace,CM/OSG/05/3565
10458,446,412,Laundry Services - Wave 2,Invoices,Invoices,Default,ProductGroup,ProductGroup,Service Type,ProductGroup,varchar,255,System.String,True,False,Workplace,CM/OSG/05/3565
10469,446,412,Laundry Services - Wave 2,Invoices,Invoices,Default,ProductClass,ProductClass,Product Group,ProductClass,varchar,255,System.String,False,False,Workplace,CM/OSG/05/3565
10470,446,412,Laundry Services - Wave 2,Invoices,Invoices,Default,ProductSubClass,ProductSubClass,Product Classification,ProductSubClass,varchar,255,System.String,False,False,Workplace,CM/OSG/05/3565
10457,446,412,Laundry Services - Wave 2,Invoices,Invoices,Default,ProductDescription,ProductDescription,Item Name or WAPP,ProductDescription,varchar,255,System.String,True,False,Workplace,CM/OSG/05/3565
10460,446,412,Laundry Services - Wave 2,Invoices,Invoices,Default,ProductCode,ProductCode,Item Code,ProductCode,varchar,255,System.String,False,False,Workplace,CM/OSG/05/3565
10461,446,412,Laundry Services - Wave 2,Invoices,Invoices,Default,UnitOfPurchase,UnitOfPurchase,Unit of Purchase,UnitType,varchar,50,System.String,True,False,Workplace,CM/OSG/05/3565
10462,446,412,Laundry Services - Wave 2,Invoices,Invoices,Default,UnitPrice,UnitPrice,Price per Item,UnitPrice,"decimal(18,4)",,System.Decimal,True,False,Workplace,CM/OSG/05/3565
10465,446,412,Laundry Services - Wave 2,Invoices,Invoices,Default,VATIncluded,VATIncluded,VAT Included,VATIncluded,bit,5,System.Boolean,True,False,Workplace,CM/OSG/05/3565
10463,446,412,Laundry Services - Wave 2,Invoices,Invoices,Default,UnitQuantity,UnitQuantity,Quantity,UnitQuantity,"decimal(18,4)",,System.Decimal,True,False,Workplace,CM/OSG/05/3565
10467,446,412,Laundry Services - Wave 2,Invoices,Invoices,Default,InvoiceLineTotal,InvoiceLineTotal,Total Spend,InvoiceValue,"decimal(18,4)",,System.Decimal,True,False,Workplace,CM/OSG/05/3565
10471,446,412,Laundry Services - Wave 2,Invoices,Invoices,User Defined,MnfctProdCode,XCol1,Manufacturers Product Code,Additional1,varchar,255,System.String,True,False,Workplace,CM/OSG/05/3565
10472,446,412,Laundry Services - Wave 2,Invoices,Invoices,User Defined,UoPQ,XCol2,Unit Quantity,Additional2,varchar,255,System.String,True,False,Workplace,CM/OSG/05/3565
16351,446,412,Laundry Services - Wave 2,Invoices,Invoices,Default,CostCentre,CostCentre,Cost Centre,! do not export,varchar,255,System.String,False,,Workplace,CM/OSG/05/3565
16545,446,412,Laundry Services - Wave 2,Invoices,Invoices,Default,ContractNumber,ContractNumber,Contract Number,! do not export,varchar,255,System.String,False,,Workplace,CM/OSG/05/3565
7545,315,480,Pan Govt Vehicle Leasing & Fleet Outsource Solutio,InvoicesRaised,Invoices,Default,LotNumber,LotNumber,Lot Number,LotNumber,varchar,5,System.String,True,False,Fleet,RM858
7546,315,480,Pan Govt Vehicle Leasing & Fleet Outsource Solutio,InvoicesRaised,Invoices,Default,CustPostCode,CustPostCode,Customer PostCode,CustomerPostCode,varchar,10,System.String,False,False,Fleet,RM858
7547,315,480,Pan Govt Vehicle Leasing & Fleet Outsource Solutio,InvoicesRaised,Invoices,Default,CustName,CustName,Customer Organisation,CustomerName,varchar,100,System.String,True,False,Fleet,RM858
7548,315,480,Pan Govt Vehicle Leasing & Fleet Outsource Solutio,InvoicesRaised,Invoices,Default,CustURN,CustURN,Customer URN,CustomerURN,int,,System.Int32,True,False,Fleet,RM858
7549,315,480,Pan Govt Vehicle Leasing & Fleet Outsource Solutio,InvoicesRaised,Invoices,Default,CustInvoiceDate,CustInvoiceDate,Customer Invoice Date,InvoiceDate,date,,System.Date,True,False,Fleet,RM858
7550,315,480,Pan Govt Vehicle Leasing & Fleet Outsource Solutio,InvoicesRaised,Invoices,Default,CustInvoiceNum,CustInvoiceNum,Customer Invoice Number,InvoiceNumber,varchar,50,System.String,True,False,Fleet,RM858
7551,315,480,Pan Govt Vehicle Leasing & Fleet Outsource Solutio,InvoicesRaised,Invoices,Default,CustInvoiceLineNum,CustInvoiceLineNum,Customer Invoice Line Number,! do not export,varchar,20,System.String,True,False,Fleet,RM858
7552,315,480,Pan Govt Vehicle Leasing & Fleet Outsource Solutio,InvoicesRaised,Invoices,Default,ProductDescription,ProductDescription,Invoice Line Product / Service Description,ProductDescription,varchar,250,System.String,True,False,Fleet,RM858
7554,315,480,Pan Govt Vehicle Leasing & Fleet Outsource Solutio,InvoicesRaised,Invoices,Default,UnitOfPurchase,UnitOfPurchase,Unit of Purchase,UnitType,varchar,50,System.String,True,False,Fleet,RM858
7555,315,480,Pan Govt Vehicle Leasing & Fleet Outsource Solutio,InvoicesRaised,Invoices,Default,UnitPrice,UnitPrice,Price per Unit ex VAT,UnitPrice,"decimal(18,4)",,System.Decimal,True,False,Fleet,RM858
7556,315,480,Pan Govt Vehicle Leasing & Fleet Outsource Solutio,InvoicesRaised,Invoices,Default,UnitQuantity,UnitQuantity,Invoice Line Quantity,UnitQuantity,"decimal(18,4)",,System.Decimal,True,False,Fleet,RM858
7557,315,480,Pan Govt Vehicle Leasing & Fleet Outsource Solutio,InvoicesRaised,Invoices,Default,InvoiceLineTotal,InvoiceLineTotal,Invoice Line Total Value ex VAT,InvoiceValue,"decimal(18,4)",,System.Decimal,True,False,Fleet,RM858
7558,315,480,Pan Govt Vehicle Leasing & Fleet Outsource Solutio,InvoicesRaised,Invoices,Default,VATIncluded,VATIncluded,VAT Applicable,VATIncluded,bit,5,System.Boolean,True,False,Fleet,RM858
7559,315,480,Pan Govt Vehicle Leasing & Fleet Outsource Solutio,InvoicesRaised,Invoices,Default,VATCharged,VATCharged,VAT Amount Charged,VATCharged,"decimal(18,4)",,System.Decimal,True,False,Fleet,RM858
7560,315,480,Pan Govt Vehicle Leasing & Fleet Outsource Solutio,InvoicesRaised,Invoices,Default,PromotionCode,PromotionCode,Spend Code,PromotionCode,varchar,20,System.String,True,False,Fleet,RM858
7553,315,480,Pan Govt Vehicle Leasing & Fleet Outsource Solutio,InvoicesRaised,Invoices,User Defined,InvLineProdSveGrping,XCol1,Invoice Line Product / Service Grouping,ProductGroup,varchar,50,System.String,True,False,Fleet,RM858
7561,315,480,Pan Govt Vehicle Leasing & Fleet Outsource Solutio,InvoicesRaised,Invoices,User Defined,CAPCode,XCol2,CAP Code,ProductCode,varchar,20,System.String,False,False,Fleet,RM858
7562,315,480,Pan Govt Vehicle Leasing & Fleet Outsource Solutio,InvoicesRaised,Invoices,User Defined,VehicleMake,XCol3,Vehicle Make,ProductClass,varchar,50,System.String,False,False,Fleet,RM858
7563,315,480,Pan Govt Vehicle Leasing & Fleet Outsource Solutio,InvoicesRaised,Invoices,User Defined,VehicleModel,XCol4,Vehicle Model,ProductSubClass,varchar,50,System.String,False,False,Fleet,RM858
7564,315,480,Pan Govt Vehicle Leasing & Fleet Outsource Solutio,InvoicesRaised,Invoices,User Defined,VehicleDerivative,XCol5,Vehicle Derivative,Additional1,varchar,100,System.String,False,False,Fleet,RM858
7565,315,480,Pan Govt Vehicle Leasing & Fleet Outsource Solutio,InvoicesRaised,Invoices,User Defined,ProductClssfctn,XCol6,Product Classification,Additional2,varchar,100,System.String,False,False,Fleet,RM858
7566,315,480,Pan Govt Vehicle Leasing & Fleet Outsource Solutio,InvoicesRaised,Invoices,User Defined,VehicleRegistration,XCol7,Vehicle Registration,Additional3,varchar,20,System.String,False,False,Fleet,RM858
7567,315,480,Pan Govt Vehicle Leasing & Fleet Outsource Solutio,InvoicesRaised,Invoices,User Defined,VhcleConvertorsName,XCol8,Vehicle Convertors Name,Additional4,varchar,50,System.String,False,False,Fleet,RM858
7568,315,480,Pan Govt Vehicle Leasing & Fleet Outsource Solutio,InvoicesRaised,Invoices,User Defined,VhcleConversionType,XCol9,Vehicle Conversion Type,Additional5,varchar,50,System.String,False,False,Fleet,RM858
7569,315,480,Pan Govt Vehicle Leasing & Fleet Outsource Solutio,InvoicesRaised,Invoices,User Defined,VehicleType,XCol10,Vehicle Type,Additional6,varchar,50,System.String,False,False,Fleet,RM858
7570,315,480,Pan Govt Vehicle Leasing & Fleet Outsource Solutio,InvoicesRaised,Invoices,User Defined,FuelType,XCol11,Fuel Type,Additional7,varchar,50,System.String,False,False,Fleet,RM858
7571,315,480,Pan Govt Vehicle Leasing & Fleet Outsource Solutio,InvoicesRaised,Invoices,User Defined,CO2EmissionLevel,XCol12,CO2 Emission Levels,Additional8,varchar,50,System.String,False,False,Fleet,RM858
7572,315,480,Pan Govt Vehicle Leasing & Fleet Outsource Solutio,InvoicesRaised,Invoices,User Defined,LeasePeriod,XCol13,Lease Period,,varchar,20,System.String,False,False,Fleet,RM858
7573,315,480,Pan Govt Vehicle Leasing & Fleet Outsource Solutio,InvoicesRaised,Invoices,User Defined,XCol14,XCol14,Lease Start Date,,date,,System.Date,False,False,Fleet,RM858
7574,315,480,Pan Govt Vehicle Leasing & Fleet Outsource Solutio,InvoicesRaised,Invoices,User Defined,XCol15,XCol15,Lease End Date,,date,,System.Date,False,False,Fleet,RM858
7575,315,480,Pan Govt Vehicle Leasing & Fleet Outsource Solutio,InvoicesRaised,Invoices,User Defined,PaymentProfile,XCol16,Payment Profile,,varchar,50,System.String,False,False,Fleet,RM858
7576,315,480,Pan Govt Vehicle Leasing & Fleet Outsource Solutio,InvoicesRaised,Invoices,User Defined,AnnualLeaseMileage,XCol17,Annual Lease Mileage,,"decimal(18,4)",,System.Decimal,False,False,Fleet,RM858
7577,315,480,Pan Govt Vehicle Leasing & Fleet Outsource Solutio,InvoicesRaised,Invoices,User Defined,VehiclePriceExVAT,XCol18,Base Vehicle Price ex VAT,,"decimal(18,4)",,System.Decimal,False,False,Fleet,RM858
7578,315,480,Pan Govt Vehicle Leasing & Fleet Outsource Solutio,InvoicesRaised,Invoices,User Defined,LeaseCostExclExtras,XCol19,Lease Cost excluding Optional Extras and Conversion ex VAT,,"decimal(18,4)",,System.Decimal,False,False,Fleet,RM858
7579,315,480,Pan Govt Vehicle Leasing & Fleet Outsource Solutio,InvoicesRaised,Invoices,User Defined,LeaseFinChrgExVAT,XCol20,Lease Finance Charge ex VAT,,"decimal(18,4)",,System.Decimal,False,False,Fleet,RM858
7580,315,480,Pan Govt Vehicle Leasing & Fleet Outsource Solutio,InvoicesRaised,Invoices,User Defined,LeaseFinMarginExVAT,XCol21,Lease Finance Margin ex VAT,,"decimal(18,4)",,System.Decimal,False,False,Fleet,RM858
7581,315,480,Pan Govt Vehicle Leasing & Fleet Outsource Solutio,InvoicesRaised,Invoices,User Defined,VehiclePurchaseTerms,XCol22,Vehicle Purchase Terms,,varchar,75,System.String,False,False,Fleet,RM858
7582,315,480,Pan Govt Vehicle Leasing & Fleet Outsource Solutio,InvoicesRaised,Invoices,User Defined,StdVehDiscPcnt,XCol23,Standard Vehicle Discount (%),,"decimal(18,4)",,System.Decimal,False,False,Fleet,RM858
7583,315,480,Pan Govt Vehicle Leasing & Fleet Outsource Solutio,InvoicesRaised,Invoices,User Defined,EnhancedVehDiscPcnt,XCol24,Enhanced Vehicle Discount (%),,"decimal(18,4)",,System.Decimal,False,False,Fleet,RM858
7584,315,480,Pan Govt Vehicle Leasing & Fleet Outsource Solutio,InvoicesRaised,Invoices,User Defined,AnnSveMaintCostExVAT,XCol25,Annual Service Maintenance & Repair Costs ex VAT,,"decimal(18,4)",,System.Decimal,False,False,Fleet,RM858
7585,315,480,Pan Govt Vehicle Leasing & Fleet Outsource Solutio,InvoicesRaised,Invoices,User Defined,AnnBrkdownCostsExVAT,XCol26,Annual Breakdown & Recovery Costs ex VAT,,"decimal(18,4)",,System.Decimal,False,False,Fleet,RM858
7586,315,480,Pan Govt Vehicle Leasing & Fleet Outsource Solutio,InvoicesRaised,Invoices,User Defined,ResidualValue,XCol27,Residual Value,,"decimal(18,4)",,System.Decimal,False,False,Fleet,RM858
16312,315,480,Pan Govt Vehicle Leasing & Fleet Outsource Solutio,InvoicesRaised,Invoices,Default,CostCentre,CostCentre,Cost Centre,! do not export,varchar,255,System.String,False,False,Fleet,RM858
16506,315,480,Pan Govt Vehicle Leasing & Fleet Outsource Solutio,InvoicesRaised,Invoices,Default,ContractNumber,ContractNumber,Contract Number,! do not export,varchar,255,System.String,False,False,Fleet,RM858
10143,428,485,Laundry & Linen Services Framework,InvoicesRaised,Invoices,Default,LotNumber,LotNumber,Lot Number,LotNumber,varchar,20,System.String,True,False,Workplace,RM849
10144,428,485,Laundry & Linen Services Framework,InvoicesRaised,Invoices,Default,SupplierOrderNumber,SupplierOrderNumber,Supplier Order Number,SupplierReferenceNumber,varchar,50,System.String,False,False,Workplace,RM849
10145,428,485,Laundry & Linen Services Framework,InvoicesRaised,Invoices,Default,CustPostCode,CustPostCode,Customer PostCode,CustomerPostCode,varchar,20,System.String,False,False,Workplace,RM849
10146,428,485,Laundry & Linen Services Framework,InvoicesRaised,Invoices,Default,CustName,CustName,Customer Organisation,CustomerName,varchar,255,System.String,True,False,Workplace,RM849
10147,428,485,Laundry & Linen Services Framework,InvoicesRaised,Invoices,Default,CustURN,CustURN,Customer URN,CustomerURN,int,-1,System.Int32,True,False,Workplace,RM849
10148,428,485,Laundry & Linen Services Framework,InvoicesRaised,Invoices,Default,CustOrderNum,CustOrderNum,Customer Order Number,CustomerReferenceNumber,varchar,50,System.String,False,False,Workplace,RM849
10149,428,485,Laundry & Linen Services Framework,InvoicesRaised,Invoices,Default,CustInvoiceDate,CustInvoiceDate,Customer Invoice Date,InvoiceDate,date,-1,System.Date,True,False,Workplace,RM849
10150,428,485,Laundry & Linen Services Framework,InvoicesRaised,Invoices,Default,CustInvoiceNum,CustInvoiceNum,Customer Invoice Number,InvoiceNumber,varchar,100,System.String,True,False,Workplace,RM849
10151,428,485,Laundry & Linen Services Framework,InvoicesRaised,Invoices,Default,CustInvoiceLineNum,CustInvoiceLineNum,Customer Invoice Line Number,Additional1,varchar,20,System.String,False,False,Workplace,RM849
10152,428,485,Laundry & Linen Services Framework,InvoicesRaised,Invoices,Default,ProductDescription,ProductDescription,Invoice Line Product / Service Description,ProductDescription,varchar,255,System.String,False,False,Workplace,RM849
10153,428,485,Laundry & Linen Services Framework,InvoicesRaised,Invoices,Default,ProductGroup,ProductGroup,Invoice Line Service Grouping,ProductGroup,varchar,3,System.String,True,False,Workplace,RM849
10154,428,485,Laundry & Linen Services Framework,InvoicesRaised,Invoices,Default,UNSPSC,UNSPSC,UNSPSC,UNSPSC,varchar,50,System.String,False,False,Workplace,RM849
10155,428,485,Laundry & Linen Services Framework,InvoicesRaised,Invoices,Default,ProductClass,ProductClass,Product Code,ProductCode,varchar,50,System.String,True,False,Workplace,RM849
10156,428,485,Laundry & Linen Services Framework,InvoicesRaised,Invoices,Default,UnitOfPurchase,UnitOfPurchase,Unit of Purchase,UnitType,varchar,50,System.String,True,False,Workplace,RM849
10157,428,485,Laundry & Linen Services Framework,InvoicesRaised,Invoices,Default,UnitPrice,UnitPrice,Price per Unit,UnitPrice,"decimal(18,4)",-1,System.Decimal,True,False,Workplace,RM849
10158,428,485,Laundry & Linen Services Framework,InvoicesRaised,Invoices,Default,UnitQuantity,UnitQuantity,Invoice Line Quantity,UnitQuantity,"decimal(18,4)",-1,System.Decimal,True,False,Workplace,RM849
10159,428,485,Laundry & Linen Services Framework,InvoicesRaised,Invoices,Default,InvoiceLineTotal,InvoiceLineTotal,Invoice Line Total Value ex VAT and Expenses,InvoiceValue,"decimal(18,4)",-1,System.Decimal,True,False,Workplace,RM849
10160,428,485,Laundry & Linen Services Framework,InvoicesRaised,Invoices,Default,VATIncluded,VATIncluded,VAT Applicable,VATIncluded,bit,5,System.Boolean,True,False,Workplace,RM849
10161,428,485,Laundry & Linen Services Framework,InvoicesRaised,Invoices,Default,VATCharged,VATCharged,VAT amount charged,VATCharged,"decimal(18,4)",-1,System.Decimal,True,False,Workplace,RM849
16540,428,485,Laundry & Linen Services Framework,InvoicesRaised,Invoices,Default,ContractNumber,ContractNumber,Contract Number,! do not export,varchar,255,System.String,False,,Workplace,RM849
16346,428,485,Laundry & Linen Services Framework,InvoicesRaised,Invoices,Default,CostCentre,CostCentre,Cost Centre,! do not export,varchar,255,System.String,False,,Workplace,RM849
10162,427,485,Laundry & Linen Services Framework,OrdersReceived,Orders,Default,LotNumber,LotNumber,Lot Number,LotNumber,varchar,20,System.String,True,False,Workplace,RM849
10163,427,485,Laundry & Linen Services Framework,OrdersReceived,Orders,Default,CustPostCode,CustPostCode,Customer PostCode,CustomerPostCode,varchar,20,System.String,False,False,Workplace,RM849
10164,427,485,Laundry & Linen Services Framework,OrdersReceived,Orders,Default,CustName,CustName,Customer Organisation,CustomerName,varchar,255,System.String,True,False,Workplace,RM849
10165,427,485,Laundry & Linen Services Framework,OrdersReceived,Orders,Default,CustURN,CustURN,Customer URN,CustomerURN,int,-1,System.Int32,True,False,Workplace,RM849
10166,427,485,Laundry & Linen Services Framework,OrdersReceived,Orders,Default,CustOrderNum,CustOrderNum,Customer Order Number,CustomerReferenceNumber,varchar,50,System.String,False,False,Workplace,RM849
10167,427,485,Laundry & Linen Services Framework,OrdersReceived,Orders,Default,CustOrderDate,CustOrderDate,Customer Order Date,Orders needs field for this?,date,-1,System.Date,False,False,Workplace,RM849
10168,427,485,Laundry & Linen Services Framework,OrdersReceived,Orders,Default,CustContractStart,CustContractStart,Customer Contract Start Date,ContractStartDate,date,-1,System.Date,False,False,Workplace,RM849
10169,427,485,Laundry & Linen Services Framework,OrdersReceived,Orders,Default,CustContractEnd,CustContractEnd,Customer Contract End Date,ContractEndDate,date,-1,System.Date,False,False,Workplace,RM849
10170,427,485,Laundry & Linen Services Framework,OrdersReceived,Orders,Default,ProductDescription,ProductDescription,Project Name,ProductDescription,varchar,255,System.String,True,False,Workplace,RM849
10171,427,485,Laundry & Linen Services Framework,OrdersReceived,Orders,Default,UNSPSC,UNSPSC,UNSPSC,UNSPSC,int,-1,System.Int32,False,False,Workplace,RM849
10172,427,485,Laundry & Linen Services Framework,OrdersReceived,Orders,Default,Quantity,Quantity,Number of items,Orders needs field for this?,int,-1,System.Int32,False,False,Workplace,RM849
10173,427,485,Laundry & Linen Services Framework,OrdersReceived,Orders,Default,Value,Value,Customer Order/Contract Value,ContractValue,"decimal(18,4)",-1,System.Decimal,True,False,Workplace,RM849
10174,427,485,Laundry & Linen Services Framework,OrdersReceived,Orders,Default,OrderChannel,OrderChannel,Invoice Line Service Grouping,ContractAwardChannel,varchar,3,System.String,True,False,Workplace,RM849
10175,427,485,Laundry & Linen Services Framework,OrdersReceived,Orders,User Defined,InvLineDesc,XCol1,Invoice Line Product / Service Description,Additional1,varchar,255,System.String,True,False,Workplace,RM849
17434,758,644,Vehicle Purchase (RM1070),InvoicesRaised,Invoices,Default,LotNumber,LotNumber,Lot Number,LotNumber,varchar,20,System.String,True,False,Fleet,RM1070
17435,758,644,Vehicle Purchase (RM1070),InvoicesRaised,Invoices,Default,CustPostCode,CustPostCode,Customer PostCode,CustomerPostCode,varchar,20,System.String,False,,Fleet,RM1070
17436,758,644,Vehicle Purchase (RM1070),InvoicesRaised,Invoices,Default,CustName,CustName,Customer Organisation,CustomerName,varchar,255,System.String,True,,Fleet,RM1070
17437,758,644,Vehicle Purchase (RM1070),InvoicesRaised,Invoices,Default,CustURN,CustURN,Customer URN,CustomerURN,varchar,,System.Int32,True,,Fleet,RM1070
17438,758,644,Vehicle Purchase (RM1070),InvoicesRaised,Invoices,Default,CustInvoiceDate,CustInvoiceDate,Customer Invoice Date,InvoiceDate,varchar,,System.Date,True,,Fleet,RM1070
17439,758,644,Vehicle Purchase (RM1070),InvoicesRaised,Invoices,Default,CustInvoiceNum,CustInvoiceNum,Invoice Number,InvoiceNumber,varchar,50,System.String,True,,Fleet,RM1070
17440,758,644,Vehicle Purchase (RM1070),InvoicesRaised,Invoices,Default,CustInvoiceLineNum,CustInvoiceLineNum,Invoice Line Number,! do not export,varchar,20,System.String,True,,Fleet,RM1070
17441,758,644,Vehicle Purchase (RM1070),InvoicesRaised,Invoices,Default,ProductSubClass,ProductSubClass,Vehicle Model,ProductSubClass,varchar,255,System.String,True,,Fleet,RM1070
17442,758,644,Vehicle Purchase (RM1070),InvoicesRaised,Invoices,Default,ProductClass,ProductClass,Vehicle Make,ProductClass,varchar,255,System.String,True,,Fleet,RM1070
17443,758,644,Vehicle Purchase (RM1070),InvoicesRaised,Invoices,Default,ProductGroup,ProductGroup,Vehicle Segment,ProductGroup,varchar,17,System.String,True,,Fleet,RM1070
17444,758,644,Vehicle Purchase (RM1070),InvoicesRaised,Invoices,Default,UNSPSC,UNSPSC,UNSPSC,UNSPSC,varchar,,System.Int32,True,,Fleet,RM1070
17446,758,644,Vehicle Purchase (RM1070),InvoicesRaised,Invoices,Default,UnitOfPurchase,UnitOfPurchase,Unit of Purchase,UnitType,varchar,4,System.String,True,,Fleet,RM1070
17447,758,644,Vehicle Purchase (RM1070),InvoicesRaised,Invoices,Default,UnitPrice,UnitPrice,Invoice Price Per Vehicle,UnitPrice,varchar,,System.Decimal,True,,Fleet,RM1070
17448,758,644,Vehicle Purchase (RM1070),InvoicesRaised,Invoices,Default,UnitQuantity,UnitQuantity,Quantity,UnitQuantity,varchar,,System.Int32,True,,Fleet,RM1070
17449,758,644,Vehicle Purchase (RM1070),InvoicesRaised,Invoices,Default,InvoiceLineTotal,InvoiceLineTotal,Total Supplier price including standard factory fit options but excluding conversion costs and work ex VAT,InvoiceValue,varchar,,System.Decimal,True,,Fleet,RM1070
17450,758,644,Vehicle Purchase (RM1070),InvoicesRaised,Invoices,Default,Expenses,Expenses,Additional Expenditure to provide goods,Expenses,varchar,,System.Decimal,True,,Fleet,RM1070
17452,758,644,Vehicle Purchase (RM1070),InvoicesRaised,Invoices,Default,VATIncluded,VATIncluded,VAT Applicable?,VATIncluded,varchar,5,System.Boolean,True,,Fleet,RM1070
17453,758,644,Vehicle Purchase (RM1070),InvoicesRaised,Invoices,Default,VATCharged,VATCharged,VAT amount charged,VATCharged,varchar,,System.Decimal,True,,Fleet,RM1070
17454,758,644,Vehicle Purchase (RM1070),InvoicesRaised,Invoices,Default,ProductCode,ProductCode,Vehicle CAP Code,ProductCode,varchar,20,System.String,True,,Fleet,RM1070
17455,758,644,Vehicle Purchase (RM1070),InvoicesRaised,Invoices,Default,ProductDescription,ProductDescription,Vehicle Trim/Derivative,ProductDescription,varchar,255,System.String,True,,Fleet,RM1070
17464,758,644,Vehicle Purchase (RM1070),InvoicesRaised,Invoices,Default,CostCentre,CostCentre,Cost Centre,! do not export,varchar,255,System.String,True,,Fleet,RM1070
17465,758,644,Vehicle Purchase (RM1070),InvoicesRaised,Invoices,Default,ContractNumber,ContractNumber,Contract Number,! do not export,varchar,255,System.String,True,,Fleet,RM1070
17445,758,644,Vehicle Purchase (RM1070),InvoicesRaised,Invoices,User Defined,XCol1,XCol1,Vehicle Registration Number,Additional1,varchar,20,System.String,True,,Fleet,RM1070
17451,758,644,Vehicle Purchase (RM1070),InvoicesRaised,Invoices,User Defined,XCol2,XCol2,All Conversion and third party conversion costs excluding factory fit options,Additional2,varchar,,System.Decimal,True,,Fleet,RM1070
17456,758,644,Vehicle Purchase (RM1070),InvoicesRaised,Invoices,User Defined,XCol3,XCol3,CO2 Emissions,Additional3,varchar,,System.Decimal,True,,Fleet,RM1070
17457,758,644,Vehicle Purchase (RM1070),InvoicesRaised,Invoices,User Defined,XCol4,XCol4,Fuel Type,Additional4,varchar,13,System.String,True,,Fleet,RM1070
17458,758,644,Vehicle Purchase (RM1070),InvoicesRaised,Invoices,User Defined,XCol5,XCol5,Customer Support Terms,Additional5,varchar,,System.Decimal,True,,Fleet,RM1070
17459,758,644,Vehicle Purchase (RM1070),InvoicesRaised,Invoices,User Defined,XCol6,XCol6,Leasing Company,Additional6,varchar,66,System.String,True,False,Fleet,RM1070
17460,758,644,Vehicle Purchase (RM1070),InvoicesRaised,Invoices,User Defined,XCol7,XCol7,Additional support terms given to Lease companies,Additional7,varchar,,System.Decimal,True,,Fleet,RM1070
17461,758,644,Vehicle Purchase (RM1070),InvoicesRaised,Invoices,User Defined,XCol8,XCol8,Invoice Price Excluding Options,Additional8,varchar,,System.Decimal,True,,Fleet,RM1070
17462,758,644,Vehicle Purchase (RM1070),InvoicesRaised,Invoices,User Defined,XCol9,XCol9,List Price Excluding Options,,varchar,,System.Decimal,True,,Fleet,RM1070
17463,758,644,Vehicle Purchase (RM1070),InvoicesRaised,Invoices,User Defined,XCol10,XCol10,eAuction Contract No,,varchar,20,System.String,True,,Fleet,RM1070
18015,786,651,Vehicle Lease and Fleet Management,InvoicesRaised,Invoices,Default,LotNumber,LotNumber,Lot Number,LotNumber,varchar,20,System.String,True,False,Fleet,RM3710
18016,786,651,Vehicle Lease and Fleet Management,InvoicesRaised,Invoices,Default,CustURN,CustURN,Customer URN,CustomerURN,varchar,,System.Int32,True,,Fleet,RM3710
18017,786,651,Vehicle Lease and Fleet Management,InvoicesRaised,Invoices,Default,CustPostCode,CustPostCode,Customer PostCode,CustomerPostCode,varchar,20,System.String,False,,Fleet,RM3710
18018,786,651,Vehicle Lease and Fleet Management,InvoicesRaised,Invoices,Default,CustName,CustName,Customer Organisation,CustomerName,varchar,255,System.String,True,,Fleet,RM3710
18019,786,651,Vehicle Lease and Fleet Management,InvoicesRaised,Invoices,Default,CustInvoiceDate,CustInvoiceDate,Customer Invoice Date,InvoiceDate,varchar,,System.Date,True,,Fleet,RM3710
18020,786,651,Vehicle Lease and Fleet Management,InvoicesRaised,Invoices,Default,CustInvoiceNum,CustInvoiceNum,Customer Invoice Number,InvoiceNumber,varchar,50,System.String,True,,Fleet,RM3710
18021,786,651,Vehicle Lease and Fleet Management,InvoicesRaised,Invoices,Default,UnitOfPurchase,UnitOfPurchase,Unit of Purchase,UnitType,varchar,4,System.String,True,,Fleet,RM3710
18022,786,651,Vehicle Lease and Fleet Management,InvoicesRaised,Invoices,Default,UnitPrice,UnitPrice,Price per Unit (Ex VAT),UnitPrice,varchar,,System.Decimal,True,,Fleet,RM3710
18023,786,651,Vehicle Lease and Fleet Management,InvoicesRaised,Invoices,Default,UnitQuantity,UnitQuantity,Quantity,UnitQuantity,varchar,,System.Decimal,True,,Fleet,RM3710
18024,786,651,Vehicle Lease and Fleet Management,InvoicesRaised,Invoices,Default,InvoiceLineTotal,InvoiceLineTotal,Total Charge (Ex VAT),InvoiceValue,varchar,,System.Decimal,True,,Fleet,RM3710
18025,786,651,Vehicle Lease and Fleet Management,InvoicesRaised,Invoices,Default,VATIncluded,VATIncluded,VAT Applicable,VATIncluded,varchar,5,System.String,True,,Fleet,RM3710
18026,786,651,Vehicle Lease and Fleet Management,InvoicesRaised,Invoices,Default,VATCharged,VATCharged,VAT amount charged,VATCharged,varchar,,System.Decimal,True,,Fleet,RM3710
18028,786,651,Vehicle Lease and Fleet Management,InvoicesRaised,Invoices,Default,ProductCode,ProductCode,CAP Code,ProductCode,varchar,100,System.String,True,,Fleet,RM3710
18030,786,651,Vehicle Lease and Fleet Management,InvoicesRaised,Invoices,Default,ProductClass,ProductClass,Vehicle Make,ProductClass,varchar,255,System.String,True,,Fleet,RM3710
18031,786,651,Vehicle Lease and Fleet Management,InvoicesRaised,Invoices,Default,ProductSubClass,ProductSubClass,Vehicle Model,ProductSubClass,varchar,255,System.String,True,,Fleet,RM3710
18032,786,651,Vehicle Lease and Fleet Management,InvoicesRaised,Invoices,Default,ProductDescription,ProductDescription,Product Description - Vehicle Derivative / Fleet Management Services,ProductDescription,varchar,255,System.String,True,,Fleet,RM3710
18033,786,651,Vehicle Lease and Fleet Management,InvoicesRaised,Invoices,Default,ProductGroup,ProductGroup,Product Classification,ProductGroup,varchar,25,System.String,True,,Fleet,RM3710
18034,786,651,Vehicle Lease and Fleet Management,InvoicesRaised,Invoices,Default,UNSPSC,UNSPSC,UNSPSC,UNSPSC,varchar,,System.Int32,True,,Fleet,RM3710
18050,786,651,Vehicle Lease and Fleet Management,InvoicesRaised,Invoices,Default,CostCentre,CostCentre,Cost Centre,! do not export,varchar,255,System.String,False,,Fleet,RM3710
18051,786,651,Vehicle Lease and Fleet Management,InvoicesRaised,Invoices,Default,ContractNumber,ContractNumber,Contract Number,! do not export,varchar,255,System.String,False,,Fleet,RM3710
18027,786,651,Vehicle Lease and Fleet Management,InvoicesRaised,Invoices,User Defined,XCol2,XCol2,Subcontractor Supplier Name,Additional2,varchar,255,System.String,True,,Fleet,RM3710
18029,786,651,Vehicle Lease and Fleet Management,InvoicesRaised,Invoices,User Defined,XCol1,XCol1,Vehicle Registration,Additional1,varchar,20,System.String,True,,Fleet,RM3710
18035,786,651,Vehicle Lease and Fleet Management,InvoicesRaised,Invoices,User Defined,XCol4,XCol4,Fuel Type,Additional4,varchar,8,System.String,True,False,Fleet,RM3710
18036,786,651,Vehicle Lease and Fleet Management,InvoicesRaised,Invoices,User Defined,XCol3,XCol3,CO2 Emission Levels,Additional3,varchar,,System.Decimal,True,,Fleet,RM3710
18037,786,651,Vehicle Lease and Fleet Management,InvoicesRaised,Invoices,User Defined,XCol5,XCol5,Vehicle Convertors Name,Additional5,varchar,255,System.String,True,,Fleet,RM3710
18038,786,651,Vehicle Lease and Fleet Management,InvoicesRaised,Invoices,User Defined,XCol6,XCol6,Vehicle Conversion Type,Additional6,varchar,255,System.String,True,,Fleet,RM3710
18039,786,651,Vehicle Lease and Fleet Management,InvoicesRaised,Invoices,User Defined,XCol7,XCol7,Vehicle Type,Additional7,varchar,255,System.String,True,,Fleet,RM3710
18040,786,651,Vehicle Lease and Fleet Management,InvoicesRaised,Invoices,User Defined,XCol8,XCol8,Lease Start Date,Additional8,varchar,,System.Date,True,,Fleet,RM3710
18041,786,651,Vehicle Lease and Fleet Management,InvoicesRaised,Invoices,User Defined,XCol9,XCol9,Lease End Date,,varchar,,System.Date,True,,Fleet,RM3710
18042,786,651,Vehicle Lease and Fleet Management,InvoicesRaised,Invoices,User Defined,XCol10,XCol10,Lease Period (Months),,varchar,,System.Int32,True,,Fleet,RM3710
18043,786,651,Vehicle Lease and Fleet Management,InvoicesRaised,Invoices,User Defined,XCol11,XCol11,Payment Profile,,varchar,20,System.String,True,False,Fleet,RM3710
18044,786,651,Vehicle Lease and Fleet Management,InvoicesRaised,Invoices,User Defined,XCol12,XCol12,Annual Lease Mileage,,varchar,,System.Decimal,True,,Fleet,RM3710
18045,786,651,Vehicle Lease and Fleet Management,InvoicesRaised,Invoices,User Defined,XCol13,XCol13,Base Vehicle Price ex VAT,,varchar,,System.Decimal,True,,Fleet,RM3710
18046,786,651,Vehicle Lease and Fleet Management,InvoicesRaised,Invoices,User Defined,XCol14,XCol14,Lease Finance Charge ex VAT,,varchar,,System.Decimal,True,,Fleet,RM3710
18047,786,651,Vehicle Lease and Fleet Management,InvoicesRaised,Invoices,User Defined,XCol15,XCol15,Annual Service Maintenance & Repair Costs ex VAT,,varchar,,System.Decimal,True,,Fleet,RM3710
18048,786,651,Vehicle Lease and Fleet Management,InvoicesRaised,Invoices,User Defined,XCol16,XCol16,Residual Value,,varchar,,System.Decimal,True,,Fleet,RM3710
18049,786,651,Vehicle Lease and Fleet Management,InvoicesRaised,Invoices,User Defined,XCol17,XCol17,Total Manufacturer Discount (%),,varchar,,System.Decimal,True,,Fleet,RM3710
22334,786,651,Vehicle Lease and Fleet Management,InvoicesRaised,Invoices,Default,PromotionCode,PromotionCode,Spend Code,PromotionCode,,20,System.String,True,False,Fleet,RM3710
19764,869,666,Laundry and Linen Services (RM1031),InvoicesRaised,Invoices,Default,CustName,CustName,Customer Organisation,CustomerName,varchar,255,System.String,True,False,Workplace,RM1031
19765,869,666,Laundry and Linen Services (RM1031),InvoicesRaised,Invoices,Default,CustPostCode,CustPostCode,Customer PostCode,CustomerPostCode,varchar,20,System.String,False,,Workplace,RM1031
19766,869,666,Laundry and Linen Services (RM1031),InvoicesRaised,Invoices,Default,CustURN,CustURN,Customer URN,CustomerURN,varchar,,System.Int32,True,,Workplace,RM1031
19767,869,666,Laundry and Linen Services (RM1031),InvoicesRaised,Invoices,Default,CustInvoiceDate,CustInvoiceDate,Customer Invoice Date,InvoiceDate,varchar,,System.Date,True,,Workplace,RM1031
19768,869,666,Laundry and Linen Services (RM1031),InvoicesRaised,Invoices,Default,CustInvoiceNum,CustInvoiceNum,Customer Invoice Number,InvoiceNumber,varchar,50,System.String,True,,Workplace,RM1031
19769,869,666,Laundry and Linen Services (RM1031),InvoicesRaised,Invoices,Default,ProductGroup,ProductGroup,Service Type,ProductGroup,varchar,255,System.String,True,,Workplace,RM1031
19770,869,666,Laundry and Linen Services (RM1031),InvoicesRaised,Invoices,Default,ProductClass,ProductClass,Category,ProductClass,varchar,255,System.String,True,,Workplace,RM1031
19772,869,666,Laundry and Linen Services (RM1031),InvoicesRaised,Invoices,Default,ProductCode,ProductCode,Item Code,ProductCode,varchar,255,System.String,False,False,Workplace,RM1031
19773,869,666,Laundry and Linen Services (RM1031),InvoicesRaised,Invoices,Default,UNSPSC,UNSPSC,UNSPSC,UNSPSC,varchar,,System.Int32,True,,Workplace,RM1031
19775,869,666,Laundry and Linen Services (RM1031),InvoicesRaised,Invoices,Default,UnitOfPurchase,UnitOfPurchase,Unit of Purchase,UnitType,varchar,4,System.String,True,,Workplace,RM1031
19776,869,666,Laundry and Linen Services (RM1031),InvoicesRaised,Invoices,Default,UnitPrice,UnitPrice,Price per Unit,UnitPrice,varchar,,System.Decimal,True,,Workplace,RM1031
19777,869,666,Laundry and Linen Services (RM1031),InvoicesRaised,Invoices,Default,UnitQuantity,UnitQuantity,Quantity,UnitQuantity,varchar,,System.Decimal,True,,Workplace,RM1031
19778,869,666,Laundry and Linen Services (RM1031),InvoicesRaised,Invoices,Default,InvoiceLineTotal,InvoiceLineTotal,Total Charge (Ex VAT),InvoiceValue,varchar,,System.Decimal,True,,Workplace,RM1031
19779,869,666,Laundry and Linen Services (RM1031),InvoicesRaised,Invoices,Default,VATCharged,VATCharged,VAT amount charged,VATCharged,varchar,,System.Decimal,True,,Workplace,RM1031
19781,869,666,Laundry and Linen Services (RM1031),InvoicesRaised,Invoices,Default,CostCentre,CostCentre,Cost Centre ,! do not export,varchar,255,System.String,True,,Workplace,RM1031
19782,869,666,Laundry and Linen Services (RM1031),InvoicesRaised,Invoices,Default,ContractNumber,ContractNumber,Contract Number,! do not export,varchar,255,System.String,True,,Workplace,RM1031
19774,869,666,Laundry and Linen Services (RM1031),InvoicesRaised,Invoices,User Defined,XCol1,XCol1,Baseline Price,Additional1,varchar,,System.Decimal,True,,Workplace,RM1031
19780,869,666,Laundry and Linen Services (RM1031),InvoicesRaised,Invoices,User Defined,XCol2,XCol2,Subcontractor Supplier Name,Additional2,varchar,255,System.String,True,,Workplace,RM1031
19771,869,666,Laundry and Linen Services (RM1031),InvoicesRaised,Invoices,Default,ProductDescription,ProductDescription,Item,ProductDescription,varchar,255,System.String,True,,Workplace,RM1031
19758,868,666,Laundry and Linen Services (RM1031),Orders Received,Orders,Default,CustName,CustName,Customer Organisation,CustomerName,varchar,255,System.String,True,False,Workplace,RM1031
19759,868,666,Laundry and Linen Services (RM1031),Orders Received,Orders,Default,CustPostCode,CustPostCode,Customer PostCode,CustomerPostCode,varchar,20,System.String,False,,Workplace,RM1031
19760,868,666,Laundry and Linen Services (RM1031),Orders Received,Orders,Default,CustURN,CustURN,Customer URN,CustomerURN,varchar,,System.Int32,True,,Workplace,RM1031
19762,868,666,Laundry and Linen Services (RM1031),Orders Received,Orders,Default,Quantity,Quantity,Number of items,Orders needs field for this?,varchar,,System.Decimal,True,,Workplace,RM1031
19763,868,666,Laundry and Linen Services (RM1031),Orders Received,Orders,Default,Value,Value,Customer Order/Contract Value,ContractValue,varchar,,System.Decimal,True,,Workplace,RM1031
19761,868,666,Laundry and Linen Services (RM1031),Orders Received,Orders,User Defined,XCol1,XCol1,Project Name,ProductDescription,varchar,255,System.String,True,,Workplace,RM1031
20141,886,672,Vehicle Telematics,InvoicesRaised,Invoices,Default,CustURN,CustURN,Customer URN,CustomerURN,varchar,,System.Int32,True,,Fleet,RM3754
20142,886,672,Vehicle Telematics,InvoicesRaised,Invoices,Default,CustPostCode,CustPostCode,Customer PostCode,CustomerPostCode,varchar,20,System.String,False,False,Fleet,RM3754
20143,886,672,Vehicle Telematics,InvoicesRaised,Invoices,Default,CustName,CustName,Customer Organisation,CustomerName,varchar,255,System.String,True,,Fleet,RM3754
20144,886,672,Vehicle Telematics,InvoicesRaised,Invoices,Default,CustInvoiceDate,CustInvoiceDate,Customer Invoice Date,InvoiceDate,varchar,,System.Date,True,,Fleet,RM3754
20145,886,672,Vehicle Telematics,InvoicesRaised,Invoices,Default,CustInvoiceNum,CustInvoiceNum,Customer Invoice Number,InvoiceNumber,varchar,50,System.String,True,,Fleet,RM3754
20146,886,672,Vehicle Telematics,InvoicesRaised,Invoices,Default,ProductDescription,ProductDescription,Product Description,ProductDescription,varchar,255,System.String,True,,Fleet,RM3754
20147,886,672,Vehicle Telematics,InvoicesRaised,Invoices,Default,UNSPSC,UNSPSC,UNSPSC,UNSPSC,varchar,,System.Int32,True,,Fleet,RM3754
20148,886,672,Vehicle Telematics,InvoicesRaised,Invoices,Default,UnitOfPurchase,UnitOfPurchase,Unit of Purchase,UnitType,varchar,4,System.String,True,,Fleet,RM3754
20149,886,672,Vehicle Telematics,InvoicesRaised,Invoices,Default,UnitPrice,UnitPrice,Price per Unit,UnitPrice,varchar,,System.Decimal,True,,Fleet,RM3754
20151,886,672,Vehicle Telematics,InvoicesRaised,Invoices,Default,UnitQuantity,UnitQuantity,Total Number of Units,UnitQuantity,varchar,,System.Decimal,True,,Fleet,RM3754
20152,886,672,Vehicle Telematics,InvoicesRaised,Invoices,Default,InvoiceLineTotal,InvoiceLineTotal,Total Charge (ex VAT),InvoiceValue,varchar,,System.Decimal,True,,Fleet,RM3754
20154,886,672,Vehicle Telematics,InvoicesRaised,Invoices,Default,VATCharged,VATCharged,VAT amount charged,VATCharged,varchar,,System.Decimal,True,,Fleet,RM3754
20156,886,672,Vehicle Telematics,InvoicesRaised,Invoices,Default,CostCentre,CostCentre,Cost Centre,! do not export,varchar,255,System.String,True,,Fleet,RM3754
20157,886,672,Vehicle Telematics,InvoicesRaised,Invoices,Default,ContractNumber,ContractNumber,Contract Number,! do not export,varchar,255,System.String,True,,Fleet,RM3754
20150,886,672,Vehicle Telematics,InvoicesRaised,Invoices,User Defined,XCol1,XCol1,Vehicle Registration No,Additional1,varchar,10,System.String,True,,Fleet,RM3754
20153,886,672,Vehicle Telematics,InvoicesRaised,Invoices,User Defined,XCol2,XCol2,Payment Profile,Additional2,varchar,9,System.String,True,,Fleet,RM3754
20155,886,672,Vehicle Telematics,InvoicesRaised,Invoices,User Defined,XCol3,XCol3,Subcontractor Supplier Name,Additional3,varchar,255,System.String,True,,Fleet,RM3754
20575,911,682,"Specialist Laundry Services (for Surgical Gowns, D",InvoicesRaised,Invoices,Default,CustName,CustName,Customer Organisation,CustomerName,varchar,255,System.String,True,False,Workplace,RM3772
20581,911,682,"Specialist Laundry Services (for Surgical Gowns, D",InvoicesRaised,Invoices,Default,ProductClass,ProductClass,Category,ProductClass,varchar,255,System.String,True,,Workplace,RM3772
20582,911,682,"Specialist Laundry Services (for Surgical Gowns, D",InvoicesRaised,Invoices,Default,ProductDescription,ProductDescription,Item,ProductDescription,varchar,255,System.String,True,,Workplace,RM3772
20583,911,682,"Specialist Laundry Services (for Surgical Gowns, D",InvoicesRaised,Invoices,Default,ProductCode,ProductCode,Item Code,ProductCode,varchar,255,System.String,False,False,Workplace,RM3772
20584,911,682,"Specialist Laundry Services (for Surgical Gowns, D",InvoicesRaised,Invoices,Default,UNSPSC,UNSPSC,UNSPSC,UNSPSC,varchar,,System.Int32,True,,Workplace,RM3772
20586,911,682,"Specialist Laundry Services (for Surgical Gowns, D",InvoicesRaised,Invoices,Default,UnitOfPurchase,UnitOfPurchase,Unit of Purchase,UnitType,varchar,4,System.String,True,,Workplace,RM3772
20587,911,682,"Specialist Laundry Services (for Surgical Gowns, D",InvoicesRaised,Invoices,Default,UnitPrice,UnitPrice,Price per Unit,UnitCost,varchar,,System.Decimal,True,,Workplace,RM3772
20588,911,682,"Specialist Laundry Services (for Surgical Gowns, D",InvoicesRaised,Invoices,Default,UnitQuantity,UnitQuantity,Quantity,UnitQuantity,varchar,,System.Decimal,True,,Workplace,RM3772
20576,911,682,"Specialist Laundry Services (for Surgical Gowns, D",InvoicesRaised,Invoices,Default,CustPostCode,CustPostCode,Customer PostCode,CustomerPostCode,varchar,20,System.String,False,,Workplace,RM3772
20577,911,682,"Specialist Laundry Services (for Surgical Gowns, D",InvoicesRaised,Invoices,Default,CustURN,CustURN,Customer URN,CustomerURN,varchar,,System.Int32,True,,Workplace,RM3772
20578,911,682,"Specialist Laundry Services (for Surgical Gowns, D",InvoicesRaised,Invoices,Default,CustInvoiceDate,CustInvoiceDate,Customer Invoice Date,InvoiceDate,varchar,,System.Date,True,,Workplace,RM3772
20579,911,682,"Specialist Laundry Services (for Surgical Gowns, D",InvoicesRaised,Invoices,Default,CustInvoiceNum,CustInvoiceNum,Customer Invoice Number,InvoiceNumber,varchar,50,System.String,True,,Workplace,RM3772
20580,911,682,"Specialist Laundry Services (for Surgical Gowns, D",InvoicesRaised,Invoices,Default,ProductGroup,ProductGroup,Service Type,ProductGroup,varchar,255,System.String,True,,Workplace,RM3772
20589,911,682,"Specialist Laundry Services (for Surgical Gowns, D",InvoicesRaised,Invoices,Default,InvoiceLineTotal,InvoiceLineTotal,Total Charge (Ex VAT),InvoiceValue,varchar,,System.Decimal,True,,Workplace,RM3772
20590,911,682,"Specialist Laundry Services (for Surgical Gowns, D",InvoicesRaised,Invoices,Default,VATCharged,VATCharged,VAT amount charged,VATCharged,varchar,,System.Decimal,True,,Workplace,RM3772
20592,911,682,"Specialist Laundry Services (for Surgical Gowns, D",InvoicesRaised,Invoices,Default,CostCentre,CostCentre,Cost Centre ,! do not export,varchar,255,System.String,True,,Workplace,RM3772
20593,911,682,"Specialist Laundry Services (for Surgical Gowns, D",InvoicesRaised,Invoices,Default,ContractNumber,ContractNumber,Contract Number,! do not export,varchar,255,System.String,True,,Workplace,RM3772
20585,911,682,"Specialist Laundry Services (for Surgical Gowns, D",InvoicesRaised,Invoices,User Defined,XCol1,XCol1,Baseline Price,Additional1,varchar,,System.Decimal,True,,Workplace,RM3772
20591,911,682,"Specialist Laundry Services (for Surgical Gowns, D",InvoicesRaised,Invoices,User Defined,XCol2,XCol2,Subcontractor Supplier Name,Additional2,varchar,255,System.String,True,,Workplace,RM3772
20569,910,682,"Specialist Laundry Services (for Surgical Gowns, D",Orders Received,Orders,Default,CustName,CustName,Customer Organisation,CustomerName,varchar,255,System.String,True,False,Workplace,RM3772
20570,910,682,"Specialist Laundry Services (for Surgical Gowns, D",Orders Received,Orders,Default,CustPostCode,CustPostCode,Customer PostCode,CustomerPostCode,varchar,20,System.String,False,,Workplace,RM3772
20571,910,682,"Specialist Laundry Services (for Surgical Gowns, D",Orders Received,Orders,Default,CustURN,CustURN,Customer URN,CustomerURN,varchar,,System.Int32,True,,Workplace,RM3772
20573,910,682,"Specialist Laundry Services (for Surgical Gowns, D",Orders Received,Orders,Default,Quantity,Quantity,Number of items,Orders needs field for this?,varchar,,System.Decimal,True,,Workplace,RM3772
20574,910,682,"Specialist Laundry Services (for Surgical Gowns, D",Orders Received,Orders,Default,Value,Value,Customer Order/Contract Value,ContractValue,varchar,,System.Decimal,True,,Workplace,RM3772
20572,910,682,"Specialist Laundry Services (for Surgical Gowns, D",Orders Received,Orders,User Defined,XCol1,XCol1,Project Name,ProductDescription,varchar,255,System.String,True,,Workplace,RM3772
20649,915,683,Supply and Fit of Tyres (RM3767),InvoicesRaised,Invoices,Default,LotNumber,LotNumber,Lot Number,LotNumber,varchar,20,System.String,True,False,Fleet,RM3767
20650,915,683,Supply and Fit of Tyres (RM3767),InvoicesRaised,Invoices,Default,CustURN,CustURN,Customer URN,CustomerURN,varchar,,System.Int32,True,False,Fleet,RM3767
20658,915,683,Supply and Fit of Tyres (RM3767),InvoicesRaised,Invoices,Default,ProductCode,ProductCode,Tyre Specification ,ProductCode,varchar,255,System.String,True,,Fleet,RM3767
20659,915,683,Supply and Fit of Tyres (RM3767),InvoicesRaised,Invoices,Default,ProductSubClass,ProductSubClass,Vehicle Category,ProductSubClass,varchar,10,System.String,True,False,Fleet,RM3767
20661,915,683,Supply and Fit of Tyres (RM3767),InvoicesRaised,Invoices,Default,ProductDescription,ProductDescription,Associated Service,ProductDescription,varchar,255,System.String,True,False,Fleet,RM3767
22958,915,683,Supply and Fit of Tyres (RM3767),InvoicesRaised,Invoices,User Defined,XCol10,XCol10,Tyre Width,,,,System.Decimal,True,False,Fleet,RM3767
22959,915,683,Supply and Fit of Tyres (RM3767),InvoicesRaised,Invoices,User Defined,XCol11,XCol11,Aspect Ratio,,,,System.Int32,True,False,Fleet,RM3767
22960,915,683,Supply and Fit of Tyres (RM3767),InvoicesRaised,Invoices,User Defined,XCol12,XCol12,Rim Diameter,,,,System.Decimal,True,False,Fleet,RM3767
22961,915,683,Supply and Fit of Tyres (RM3767),InvoicesRaised,Invoices,User Defined,XCol13,XCol13,Load Capacity,,,,System.Int32,True,False,Fleet,RM3767
22962,915,683,Supply and Fit of Tyres (RM3767),InvoicesRaised,Invoices,User Defined,XCol14,XCol14,Speed Index,,,3,System.String,True,False,Fleet,RM3767
20651,915,683,Supply and Fit of Tyres (RM3767),InvoicesRaised,Invoices,Default,CustPostCode,CustPostCode,Customer PostCode,CustomerPostCode,varchar,20,System.String,True,,Fleet,RM3767
20652,915,683,Supply and Fit of Tyres (RM3767),InvoicesRaised,Invoices,Default,CustName,CustName,Customer Organisation Name,CustomerName,varchar,255,System.String,True,False,Fleet,RM3767
20653,915,683,Supply and Fit of Tyres (RM3767),InvoicesRaised,Invoices,Default,CustInvoiceDate,CustInvoiceDate,Customer Invoice Date,InvoiceDate,varchar,,System.Date,True,False,Fleet,RM3767
20654,915,683,Supply and Fit of Tyres (RM3767),InvoicesRaised,Invoices,Default,CustInvoiceNum,CustInvoiceNum,Customer Invoice Number,InvoiceNumber,varchar,50,System.String,True,False,Fleet,RM3767
20655,915,683,Supply and Fit of Tyres (RM3767),InvoicesRaised,Invoices,Default,CustInvoiceLineNum,CustInvoiceLineNum,Customer Invoice Line Number,! do not export,varchar,20,System.String,True,,Fleet,RM3767
20656,915,683,Supply and Fit of Tyres (RM3767),InvoicesRaised,Invoices,Default,ProductGroup,ProductGroup,Product Type,ProductGroup,varchar,255,System.String,True,,Fleet,RM3767
20657,915,683,Supply and Fit of Tyres (RM3767),InvoicesRaised,Invoices,Default,ProductClass,ProductClass,Tyre Brand,ProductClass,varchar,255,System.String,True,,Fleet,RM3767
20663,915,683,Supply and Fit of Tyres (RM3767),InvoicesRaised,Invoices,Default,UNSPSC,UNSPSC,UNSPSC,UNSPSC,varchar,,System.Int32,True,False,Fleet,RM3767
20664,915,683,Supply and Fit of Tyres (RM3767),InvoicesRaised,Invoices,Default,UnitOfPurchase,UnitOfPurchase,Unit of Purchase,UnitType,varchar,4,System.String,True,False,Fleet,RM3767
20665,915,683,Supply and Fit of Tyres (RM3767),InvoicesRaised,Invoices,Default,UnitPrice,UnitPrice,Price per Unit,UnitPrice,varchar,,System.Decimal,True,False,Fleet,RM3767
20666,915,683,Supply and Fit of Tyres (RM3767),InvoicesRaised,Invoices,Default,InvoiceLineTotal,InvoiceLineTotal,Total Cost (ex VAT),InvoiceValue,varchar,,System.Decimal,True,False,Fleet,RM3767
20667,915,683,Supply and Fit of Tyres (RM3767),InvoicesRaised,Invoices,Default,UnitQuantity,UnitQuantity,Quantity,UnitQuantity,varchar,,System.Decimal,True,False,Fleet,RM3767
20668,915,683,Supply and Fit of Tyres (RM3767),InvoicesRaised,Invoices,Default,VATCharged,VATCharged,VAT Amount Charged,VATCharged,varchar,,System.Decimal,True,False,Fleet,RM3767
20675,915,683,Supply and Fit of Tyres (RM3767),InvoicesRaised,Invoices,Default,CostCentre,CostCentre,Cost Centre,! do not export,varchar,255,System.String,True,,Fleet,RM3767
20676,915,683,Supply and Fit of Tyres (RM3767),InvoicesRaised,Invoices,Default,ContractNumber,ContractNumber,Contract Number,! do not export,varchar,255,System.String,True,,Fleet,RM3767
20660,915,683,Supply and Fit of Tyres (RM3767),InvoicesRaised,Invoices,User Defined,XCol1,XCol1,Tyre Grade,Additional1,varchar,9,System.String,True,,Fleet,RM3767
20662,915,683,Supply and Fit of Tyres (RM3767),InvoicesRaised,Invoices,User Defined,XCol2,XCol2,Run Flats (Y/N),Additional2,varchar,1,System.String,True,False,Fleet,RM3767
20669,915,683,Supply and Fit of Tyres (RM3767),InvoicesRaised,Invoices,User Defined,XCol3,XCol3,Core Tyre Price,Additional3,varchar,,System.Decimal,True,,Fleet,RM3767
20670,915,683,Supply and Fit of Tyres (RM3767),InvoicesRaised,Invoices,User Defined,XCol4,XCol4,Valve Cost,Additional4,varchar,,System.Decimal,True,,Fleet,RM3767
20671,915,683,Supply and Fit of Tyres (RM3767),InvoicesRaised,Invoices,User Defined,XCol5,XCol5,Fitment Cost,Additional5,varchar,,System.Decimal,True,,Fleet,RM3767
20672,915,683,Supply and Fit of Tyres (RM3767),InvoicesRaised,Invoices,User Defined,XCol6,XCol6,Balance Cost,Additional6,varchar,,System.Decimal,True,,Fleet,RM3767
20673,915,683,Supply and Fit of Tyres (RM3767),InvoicesRaised,Invoices,User Defined,XCol7,XCol7,Disposal Cost,Additional7,varchar,,System.Decimal,True,,Fleet,RM3767
20674,915,683,Supply and Fit of Tyres (RM3767),InvoicesRaised,Invoices,User Defined,XCol8,XCol8,Subcontractor Name,Additional8,varchar,255,System.String,True,False,Fleet,RM3767
20992,933,684,Journal Subscriptions,InvoicesRaised,Invoices,Default,CustURN,CustURN,Customer URN,CustomerURN,varchar,,System.Int32,True,,Document Management & Logistics,RM3797
20993,933,684,Journal Subscriptions,InvoicesRaised,Invoices,Default,CustPostCode,CustPostCode,Customer PostCode,CustomerPostCode,varchar,20,System.String,True,False,Document Management & Logistics,RM3797
20994,933,684,Journal Subscriptions,InvoicesRaised,Invoices,Default,CustName,CustName,Customer Organisation,CustomerName,varchar,255,System.String,True,,Document Management & Logistics,RM3797
20995,933,684,Journal Subscriptions,InvoicesRaised,Invoices,Default,CustInvoiceDate,CustInvoiceDate,Customer Invoice Date,InvoiceDate,varchar,,System.Date,True,,Document Management & Logistics,RM3797
20996,933,684,Journal Subscriptions,InvoicesRaised,Invoices,Default,CustInvoiceNum,CustInvoiceNum,Customer Invoice Number,InvoiceNumber,varchar,50,System.String,True,,Document Management & Logistics,RM3797
20997,933,684,Journal Subscriptions,InvoicesRaised,Invoices,Default,ProductGroup,ProductGroup,Product Group,ProductGroup,varchar,255,System.String,True,,Document Management & Logistics,RM3797
20998,933,684,Journal Subscriptions,InvoicesRaised,Invoices,Default,ProductClass,ProductClass,Publisher Name,ProductClass,varchar,255,System.String,True,,Document Management & Logistics,RM3797
20999,933,684,Journal Subscriptions,InvoicesRaised,Invoices,Default,ProductDescription,ProductDescription,Product Description,ProductDescription,varchar,255,System.String,True,,Document Management & Logistics,RM3797
21000,933,684,Journal Subscriptions,InvoicesRaised,Invoices,Default,ProductCode,ProductCode,Crown Commercial Service Unique Product Codes,ProductCode,varchar,255,System.String,True,,Document Management & Logistics,RM3797
21001,933,684,Journal Subscriptions,InvoicesRaised,Invoices,Default,UNSPSC,UNSPSC,UNSPSC,UNSPSC,varchar,,System.Int32,True,,Document Management & Logistics,RM3797
21002,933,684,Journal Subscriptions,InvoicesRaised,Invoices,Default,UnitOfPurchase,UnitOfPurchase,Unit of Measure,UnitType,varchar,4,System.String,True,,Document Management & Logistics,RM3797
21004,933,684,Journal Subscriptions,InvoicesRaised,Invoices,Default,UnitPrice,UnitPrice,Price per Unit,UnitPrice,varchar,,System.Decimal,True,,Document Management & Logistics,RM3797
21005,933,684,Journal Subscriptions,InvoicesRaised,Invoices,Default,UnitQuantity,UnitQuantity,Quantity,UnitQuantity,varchar,,System.Decimal,True,,Document Management & Logistics,RM3797
21006,933,684,Journal Subscriptions,InvoicesRaised,Invoices,Default,InvoiceLineTotal,InvoiceLineTotal,Total Charge (Ex VAT),InvoiceValue,varchar,,System.Decimal,True,,Document Management & Logistics,RM3797
21007,933,684,Journal Subscriptions,InvoicesRaised,Invoices,Default,VATCharged,VATCharged,VAT amount charged,VATCharged,varchar,,System.Decimal,True,,Document Management & Logistics,RM3797
21008,933,684,Journal Subscriptions,InvoicesRaised,Invoices,Default,CostCentre,CostCentre,Cost Centre,! do not export,varchar,255,System.String,True,,Document Management & Logistics,RM3797
21009,933,684,Journal Subscriptions,InvoicesRaised,Invoices,Default,ContractNumber,ContractNumber,Contract Number,! do not export,varchar,255,System.String,True,,Document Management & Logistics,RM3797
21003,933,684,Journal Subscriptions,InvoicesRaised,Invoices,User Defined,XCol1,XCol1,Publisher List Price,Additional2,varchar,,System.Decimal,True,,Document Management & Logistics,RM3797
21551,965,698,General Legal Advice Services,InvoicesRaised,Invoices,Default,LotNumber,LotNumber,Tier Number,LotNumber,varchar,20,System.String,True,False,Professional Services,RM3786
21552,965,698,General Legal Advice Services,InvoicesRaised,Invoices,Default,SupplierOrderNumber,SupplierOrderNumber,Supplier Reference Number,SupplierReferenceNumber,varchar,50,System.String,False,,Professional Services,RM3786
21553,965,698,General Legal Advice Services,InvoicesRaised,Invoices,Default,CustURN,CustURN,Customer URN,CustomerURN,varchar,,System.Int32,True,,Professional Services,RM3786
21554,965,698,General Legal Advice Services,InvoicesRaised,Invoices,Default,CustName,CustName,Customer Organisation Name,CustomerName,varchar,255,System.String,True,,Professional Services,RM3786
21555,965,698,General Legal Advice Services,InvoicesRaised,Invoices,Default,CustPostCode,CustPostCode,Customer Post Code,CustomerPostCode,varchar,20,System.String,False,,Professional Services,RM3786
21557,965,698,General Legal Advice Services,InvoicesRaised,Invoices,Default,CustInvoiceDate,CustInvoiceDate,Customer Invoice Date,InvoiceDate,varchar,,System.Date,True,,Professional Services,RM3786
21558,965,698,General Legal Advice Services,InvoicesRaised,Invoices,Default,CustInvoiceNum,CustInvoiceNum,Customer Invoice Number,InvoiceNumber,varchar,50,System.String,True,,Professional Services,RM3786
21559,965,698,General Legal Advice Services,InvoicesRaised,Invoices,Default,ProductGroup,ProductGroup,Service Type,ProductGroup,varchar,33,System.String,True,False,Professional Services,RM3786
21560,965,698,General Legal Advice Services,InvoicesRaised,Invoices,Default,ProductDescription,ProductDescription,Primary Specialism,ProductDescription,varchar,255,System.String,True,False,Professional Services,RM3786
21562,965,698,General Legal Advice Services,InvoicesRaised,Invoices,Default,ProductSubClass,ProductSubClass,Practitioner Grade,ProductSubClass,varchar,31,System.String,True,False,Professional Services,RM3786
21564,965,698,General Legal Advice Services,InvoicesRaised,Invoices,Default,UNSPSC,UNSPSC,UNSPSC,UNSPSC,varchar,,System.Int32,True,,Professional Services,RM3786
21568,965,698,General Legal Advice Services,InvoicesRaised,Invoices,Default,UnitOfPurchase,UnitOfPurchase,Unit of Purchase,UnitType,varchar,11,System.String,True,False,Professional Services,RM3786
21569,965,698,General Legal Advice Services,InvoicesRaised,Invoices,Default,UnitPrice,UnitPrice,Price per Unit,UnitPrice,varchar,,System.Decimal,True,,Professional Services,RM3786
21570,965,698,General Legal Advice Services,InvoicesRaised,Invoices,Default,UnitQuantity,UnitQuantity,Quantity,UnitQuantity,varchar,,System.Decimal,True,,Professional Services,RM3786
21571,965,698,General Legal Advice Services,InvoicesRaised,Invoices,Default,InvoiceLineTotal,InvoiceLineTotal,Total Cost (ex VAT),InvoiceValue,varchar,,System.Decimal,True,,Professional Services,RM3786
21572,965,698,General Legal Advice Services,InvoicesRaised,Invoices,Default,VATCharged,VATCharged,VAT Amount Charged,VATCharged,varchar,,System.Decimal,True,,Professional Services,RM3786
21574,965,698,General Legal Advice Services,InvoicesRaised,Invoices,Default,CostCentre,CostCentre,Cost Centre,! do not export,varchar,255,System.String,True,,Professional Services,RM3786
21575,965,698,General Legal Advice Services,InvoicesRaised,Invoices,Default,ContractNumber,ContractNumber,Contract Number,! do not export,varchar,255,System.String,True,,Professional Services,RM3786
21556,965,698,General Legal Advice Services,InvoicesRaised,Invoices,User Defined,XCol1,XCol1,Matter Name,CustomerReferenceNumber,varchar,255,System.String,True,,Professional Services,RM3786
21563,965,698,General Legal Advice Services,InvoicesRaised,Invoices,User Defined,XCol6,XCol6,Pricing Mechanism,Additional5,varchar,17,System.String,True,,Professional Services,RM3786
21565,965,698,General Legal Advice Services,InvoicesRaised,Invoices,User Defined,XCol2,XCol2,Pro-Bono Price per Unit,Additional1,varchar,,System.Decimal,True,False,Professional Services,RM3786
21566,965,698,General Legal Advice Services,InvoicesRaised,Invoices,User Defined,XCol3,XCol3,Pro-Bono Quantity,Additional2,varchar,,System.Decimal,True,False,Professional Services,RM3786
21567,965,698,General Legal Advice Services,InvoicesRaised,Invoices,User Defined,XCol4,XCol4,Pro-Bono Total Value,Additional3,varchar,,System.Decimal,True,False,Professional Services,RM3786
21573,965,698,General Legal Advice Services,InvoicesRaised,Invoices,User Defined,XCol5,XCol5,Sub-Contractor Name (If Applicable),Additional4,varchar,255,System.String,True,False,Professional Services,RM3786
21543,964,698,General Legal Advice Services,OrdersReceived,Orders,Default,CustContractStart,CustContractStart,Contract Start Date,ContractStartDate,varchar,,System.Date,True,,Professional Services,RM3786
21544,964,698,General Legal Advice Services,OrdersReceived,Orders,Default,CustContractEnd,CustContractEnd,Contract End Date,ContractEndDate,varchar,,System.Date,True,,Professional Services,RM3786
21547,964,698,General Legal Advice Services,OrdersReceived,Orders,Default,OrderChannel,OrderChannel,Award Procedure,ContractAwardChannel,varchar,19,System.String,True,,Professional Services,RM3786
21550,964,698,General Legal Advice Services,OrdersReceived,Orders,Default,Value,Value,Expected Total Order Value,ContractValue,varchar,,System.Decimal,True,,Professional Services,RM3786
21542,964,698,General Legal Advice Services,OrdersReceived,Orders,User Defined,XCol1,XCol1,Sub-Contractor Name,Additional1,varchar,255,System.String,True,False,Professional Services,RM3786
21545,964,698,General Legal Advice Services,OrdersReceived,Orders,User Defined,XCol2,XCol2,Lead Counsel / Matter Owner,Additional7,varchar,255,System.String,True,,Professional Services,RM3786
21546,964,698,General Legal Advice Services,OrdersReceived,Orders,User Defined,XCol3,XCol3,Call Off Managing Entity,Additional3,varchar,29,System.String,True,False,Professional Services,RM3786
21548,964,698,General Legal Advice Services,OrdersReceived,Orders,User Defined,XCol4,XCol4,Pro-bono work included? (Y/N),Additional4,varchar,1,System.String,True,,Professional Services,RM3786
21535,964,698,General Legal Advice Services,OrdersReceived,Orders,Default,LotNumber,LotNumber,Tier Number,LotNumber,varchar,20,System.String,True,False,Professional Services,RM3786
21536,964,698,General Legal Advice Services,OrdersReceived,Orders,Default,SupplierOrderNumber,SupplierOrderNumber,Supplier Reference Number,SupplierReferenceNumber,varchar,50,System.String,True,,Professional Services,RM3786
21537,964,698,General Legal Advice Services,OrdersReceived,Orders,Default,CustURN,CustURN,Customer URN,CustomerURN,varchar,,System.Int32,True,,Professional Services,RM3786
21538,964,698,General Legal Advice Services,OrdersReceived,Orders,Default,CustName,CustName,Customer Organisation Name,CustomerName,varchar,255,System.String,True,,Professional Services,RM3786
21539,964,698,General Legal Advice Services,OrdersReceived,Orders,Default,CustPostCode,CustPostCode,Customer Post Code,CustomerPostCode,varchar,20,System.String,True,,Professional Services,RM3786
21540,964,698,General Legal Advice Services,OrdersReceived,Orders,Default,CustOrderNum,CustOrderNum,Matter Name,CustomerReferenceNumber,varchar,255,System.String,True,,Professional Services,RM3786
21541,964,698,General Legal Advice Services,OrdersReceived,Orders,Default,ProductDescription,ProductDescription,Matter Description,ProductDescription,varchar,255,System.String,True,,Professional Services,RM3786
21549,964,698,General Legal Advice Services,OrdersReceived,Orders,User Defined,XCol5,XCol5,Expected Pro-Bono value,Additional5,varchar,,System.Decimal,True,False,Professional Services,RM3786
22549,964,698,General Legal Advice Services,OrdersReceived,Orders,User Defined,XCol7,XCol7,Expression Of Interest Used (Y/N),Additional2,,1,System.String,True,False,Professional Services,RM3786
22548,964,698,General Legal Advice Services,OrdersReceived,Orders,User Defined,XCol6,XCol6,Customer Response Time,Additional6,varchar,100,System.String,True,False,Professional Services,RM3786
22047,993,700,Rail Legal Services,InvoicesRaised,Invoices,Default,LotNumber,LotNumber,Tier Number,LotNumber,varchar,20,System.String,True,False,Professional Services,RM3756
22048,993,700,Rail Legal Services,InvoicesRaised,Invoices,Default,SupplierOrderNumber,SupplierOrderNumber,Supplier Reference Number,SupplierReferenceNumber,varchar,50,System.String,True,,Professional Services,RM3756
22049,993,700,Rail Legal Services,InvoicesRaised,Invoices,Default,CustURN,CustURN,Customer URN,CustomerURN,varchar,,System.Int32,True,,Professional Services,RM3756
22050,993,700,Rail Legal Services,InvoicesRaised,Invoices,Default,CustName,CustName,Customer Organisation Name,CustomerName,varchar,255,System.String,True,,Professional Services,RM3756
22051,993,700,Rail Legal Services,InvoicesRaised,Invoices,Default,CustPostCode,CustPostCode,Customer Post Code,CustomerPostCode,varchar,20,System.String,True,,Professional Services,RM3756
22053,993,700,Rail Legal Services,InvoicesRaised,Invoices,Default,CustInvoiceDate,CustInvoiceDate,Customer Invoice Date,InvoiceDate,varchar,,System.Date,True,,Professional Services,RM3756
22054,993,700,Rail Legal Services,InvoicesRaised,Invoices,Default,CustInvoiceNum,CustInvoiceNum,Customer Invoice Number,InvoiceNumber,varchar,50,System.String,True,,Professional Services,RM3756
22055,993,700,Rail Legal Services,InvoicesRaised,Invoices,Default,ProductGroup,ProductGroup,Service Type,ProductGroup,varchar,28,System.String,True,,Professional Services,RM3756
22056,993,700,Rail Legal Services,InvoicesRaised,Invoices,Default,ProductDescription,ProductDescription,Primary Specialism,ProductDescription,varchar,45,System.String,True,,Professional Services,RM3756
22057,993,700,Rail Legal Services,InvoicesRaised,Invoices,Default,ProductSubClass,ProductSubClass,Practitioner Grade,ProductSubClass,varchar,31,System.String,True,False,Professional Services,RM3756
22059,993,700,Rail Legal Services,InvoicesRaised,Invoices,Default,UNSPSC,UNSPSC,UNSPSC,UNSPSC,varchar,,System.Int32,True,,Professional Services,RM3756
22064,993,700,Rail Legal Services,InvoicesRaised,Invoices,Default,UnitOfPurchase,UnitOfPurchase,Unit of Purchase,UnitType,varchar,23,System.String,True,False,Professional Services,RM3756
22065,993,700,Rail Legal Services,InvoicesRaised,Invoices,Default,UnitPrice,UnitPrice,Price per Unit,UnitPrice,varchar,,System.Decimal,True,False,Professional Services,RM3756
22066,993,700,Rail Legal Services,InvoicesRaised,Invoices,Default,UnitQuantity,UnitQuantity,Quantity,UnitQuantity,varchar,,System.Decimal,True,,Professional Services,RM3756
22067,993,700,Rail Legal Services,InvoicesRaised,Invoices,Default,InvoiceLineTotal,InvoiceLineTotal,Total Cost (ex VAT),InvoiceValue,varchar,,System.Decimal,True,False,Professional Services,RM3756
22068,993,700,Rail Legal Services,InvoicesRaised,Invoices,Default,VATCharged,VATCharged,VAT Amount Charged,VATCharged,varchar,,System.Decimal,True,False,Professional Services,RM3756
22070,993,700,Rail Legal Services,InvoicesRaised,Invoices,Default,CostCentre,CostCentre,Cost Centre,! do not export,varchar,255,System.String,True,,Professional Services,RM3756
22071,993,700,Rail Legal Services,InvoicesRaised,Invoices,Default,ContractNumber,ContractNumber,Contract Number,! do not export,varchar,255,System.String,True,,Professional Services,RM3756
22052,993,700,Rail Legal Services,InvoicesRaised,Invoices,User Defined,XCol1,XCol1,Matter Name,CustomerReferenceNumber,varchar,255,System.String,True,,Professional Services,RM3756
22058,993,700,Rail Legal Services,InvoicesRaised,Invoices,User Defined,XCol6,XCol6,Pricing Mechanism,Additional5,varchar,17,System.String,True,,Professional Services,RM3756
22060,993,700,Rail Legal Services,InvoicesRaised,Invoices,User Defined,XCol7,XCol7,Award Procedure,Additional6,varchar,19,System.String,True,,Professional Services,RM3756
22061,993,700,Rail Legal Services,InvoicesRaised,Invoices,User Defined,XCol2,XCol2,Pro-Bono Price per Unit,Additional1,varchar,,System.Decimal,True,False,Professional Services,RM3756
22062,993,700,Rail Legal Services,InvoicesRaised,Invoices,User Defined,XCol3,XCol3,Pro-Bono Quantity,Additional2,varchar,,System.Decimal,True,False,Professional Services,RM3756
22063,993,700,Rail Legal Services,InvoicesRaised,Invoices,User Defined,XCol4,XCol4,Pro-Bono Total Value,Additional3,varchar,,System.Decimal,True,False,Professional Services,RM3756
22069,993,700,Rail Legal Services,InvoicesRaised,Invoices,User Defined,XCol5,XCol5,Sub-Contractor Name (If Applicable),Additional4,varchar,255,System.String,True,,Professional Services,RM3756
22030,992,700,Rail Legal Services,OrdersReceived,Orders,Default,LotNumber,LotNumber,Tier Number,LotNumber,varchar,20,System.String,True,False,Professional Services,RM3756
22031,992,700,Rail Legal Services,OrdersReceived,Orders,Default,SupplierOrderNumber,SupplierOrderNumber,Supplier Reference Number,SupplierReferenceNumber,varchar,50,System.String,True,,Professional Services,RM3756
22032,992,700,Rail Legal Services,OrdersReceived,Orders,Default,CustURN,CustURN,Customer URN,CustomerURN,varchar,,System.Int32,True,,Professional Services,RM3756
22033,992,700,Rail Legal Services,OrdersReceived,Orders,Default,CustName,CustName,Customer Organisation Name,CustomerName,varchar,255,System.String,True,,Professional Services,RM3756
22034,992,700,Rail Legal Services,OrdersReceived,Orders,Default,CustPostCode,CustPostCode,Customer Post Code,CustomerPostCode,varchar,20,System.String,True,,Professional Services,RM3756
22035,992,700,Rail Legal Services,OrdersReceived,Orders,Default,CustOrderNum,CustOrderNum,Matter Name,CustomerReferenceNumber,varchar,255,System.String,True,,Professional Services,RM3756
22036,992,700,Rail Legal Services,OrdersReceived,Orders,Default,ProductDescription,ProductDescription,Matter Description,ProductDescription,varchar,255,System.String,True,,Professional Services,RM3756
22038,992,700,Rail Legal Services,OrdersReceived,Orders,Default,CustContractStart,CustContractStart,Contract Start Date,ContractStartDate,varchar,,System.Date,True,,Professional Services,RM3756
22039,992,700,Rail Legal Services,OrdersReceived,Orders,Default,CustContractEnd,CustContractEnd,Contract End Date,ContractEndDate,varchar,,System.Date,True,,Professional Services,RM3756
22043,992,700,Rail Legal Services,OrdersReceived,Orders,Default,OrderChannel,OrderChannel,Award Procedure,ContractAwardChannel,varchar,19,System.String,True,,Professional Services,RM3756
22046,992,700,Rail Legal Services,OrdersReceived,Orders,Default,Value,Value,Expected Total Order Value,ContractValue,varchar,,System.Decimal,True,,Professional Services,RM3756
22037,992,700,Rail Legal Services,OrdersReceived,Orders,User Defined,XCol1,XCol1,Sub-Contractor Name,Additional1,varchar,255,System.String,True,,Professional Services,RM3756
22040,992,700,Rail Legal Services,OrdersReceived,Orders,User Defined,XCol6,XCol6,Expression Of Interest Used (Y/N),Additional2,varchar,1,System.String,True,,Professional Services,RM3756
22041,992,700,Rail Legal Services,OrdersReceived,Orders,User Defined,XCol7,XCol7,Customer Response Time,Additional6,varchar,100,System.String,True,False,Professional Services,RM3756
22042,992,700,Rail Legal Services,OrdersReceived,Orders,User Defined,XCol3,XCol3,Call Off Managing Entity,Additional3,varchar,29,System.String,True,,Professional Services,RM3756
22044,992,700,Rail Legal Services,OrdersReceived,Orders,User Defined,XCol4,XCol4,Pro-bono work included? (Y/N),Additional4,varchar,1,System.String,True,,Professional Services,RM3756
22045,992,700,Rail Legal Services,OrdersReceived,Orders,User Defined,XCol5,XCol5,Expected Pro-Bono value,Additional5,varchar,,System.Decimal,True,,Professional Services,RM3756
22527,1026,739,Finance & Complex Legal Services,InvoicesRaised,Invoices,Default,SupplierOrderNumber,SupplierOrderNumber,Supplier Reference Number,SupplierReferenceNumber,varchar,50,System.String,True,False,Professional Services,RM3787
22528,1026,739,Finance & Complex Legal Services,InvoicesRaised,Invoices,Default,CustURN,CustURN,Customer URN,CustomerURN,varchar,,System.Int32,True,,Professional Services,RM3787
22529,1026,739,Finance & Complex Legal Services,InvoicesRaised,Invoices,Default,CustName,CustName,Customer Organisation Name,CustomerName,varchar,255,System.String,True,,Professional Services,RM3787
22530,1026,739,Finance & Complex Legal Services,InvoicesRaised,Invoices,Default,CustPostCode,CustPostCode,Customer Post Code,CustomerPostCode,varchar,20,System.String,True,,Professional Services,RM3787
22531,1026,739,Finance & Complex Legal Services,InvoicesRaised,Invoices,Default,CustOrderNum,CustOrderNum,Matter Name,CustomerReferenceNumber,varchar,255,System.String,True,,Professional Services,RM3787
22532,1026,739,Finance & Complex Legal Services,InvoicesRaised,Invoices,Default,CustInvoiceDate,CustInvoiceDate,Customer Invoice Date,InvoiceDate,varchar,,System.Date,True,,Professional Services,RM3787
22533,1026,739,Finance & Complex Legal Services,InvoicesRaised,Invoices,Default,CustInvoiceNum,CustInvoiceNum,Customer Invoice Number,InvoiceNumber,varchar,50,System.String,True,,Professional Services,RM3787
22534,1026,739,Finance & Complex Legal Services,InvoicesRaised,Invoices,Default,ProductGroup,ProductGroup,Service Type,ProductGroup,varchar,8,System.String,True,,Professional Services,RM3787
22535,1026,739,Finance & Complex Legal Services,InvoicesRaised,Invoices,Default,ProductClass,ProductClass,Primary Specialism,ProductClass,varchar,255,System.String,True,,Professional Services,RM3787
22536,1026,739,Finance & Complex Legal Services,InvoicesRaised,Invoices,Default,ProductDescription,ProductDescription,Practitioner Grade,ProductDescription,varchar,31,System.String,True,,Professional Services,RM3787
22537,1026,739,Finance & Complex Legal Services,InvoicesRaised,Invoices,Default,ProductSubClass,ProductSubClass,Pricing Mechanism,ProductSubClass,varchar,17,System.String,True,,Professional Services,RM3787
22538,1026,739,Finance & Complex Legal Services,InvoicesRaised,Invoices,Default,UNSPSC,UNSPSC,UNSPSC,UNSPSC,varchar,,System.Int32,True,,Professional Services,RM3787
22539,1026,739,Finance & Complex Legal Services,InvoicesRaised,Invoices,Default,UnitOfPurchase,UnitOfPurchase,Unit of Purchase,UnitType,varchar,11,System.String,True,,Professional Services,RM3787
22540,1026,739,Finance & Complex Legal Services,InvoicesRaised,Invoices,Default,UnitPrice,UnitPrice,Price per Unit,UnitPrice,varchar,,System.Decimal,True,,Professional Services,RM3787
22541,1026,739,Finance & Complex Legal Services,InvoicesRaised,Invoices,Default,UnitQuantity,UnitQuantity,Quantity,UnitQuantity,varchar,,System.Decimal,True,,Professional Services,RM3787
22542,1026,739,Finance & Complex Legal Services,InvoicesRaised,Invoices,Default,InvoiceLineTotal,InvoiceLineTotal,Total Cost (ex VAT),InvoiceValue,varchar,,System.Decimal,True,,Professional Services,RM3787
22543,1026,739,Finance & Complex Legal Services,InvoicesRaised,Invoices,Default,VATCharged,VATCharged,VAT Amount Charged,VATCharged,varchar,,System.Decimal,True,,Professional Services,RM3787
22544,1026,739,Finance & Complex Legal Services,InvoicesRaised,Invoices,User Defined,XCol1,XCol1,Pro-Bono Price per Unit,Additional1,varchar,,System.Decimal,True,,Professional Services,RM3787
22545,1026,739,Finance & Complex Legal Services,InvoicesRaised,Invoices,User Defined,XCol2,XCol2,Pro-Bono Quantity,Additional2,varchar,,System.Decimal,True,,Professional Services,RM3787
22546,1026,739,Finance & Complex Legal Services,InvoicesRaised,Invoices,User Defined,XCol3,XCol3,Pro-Bono Total Value,Additional3,varchar,,System.Decimal,True,,Professional Services,RM3787
22547,1026,739,Finance & Complex Legal Services,InvoicesRaised,Invoices,User Defined,XCol4,XCol4,Sub-Contractor Name (If Applicable),Additional4,varchar,255,System.String,True,,Professional Services,RM3787
22511,1025,739,Finance & Complex Legal Services,OrdersReceived,Orders,Default,SupplierOrderNumber,SupplierOrderNumber,Supplier Reference Number,SupplierReferenceNumber,varchar,50,System.String,True,False,Professional Services,RM3787
22512,1025,739,Finance & Complex Legal Services,OrdersReceived,Orders,Default,CustURN,CustURN,Customer URN,CustomerURN,varchar,,System.Int32,True,,Professional Services,RM3787
22513,1025,739,Finance & Complex Legal Services,OrdersReceived,Orders,Default,CustName,CustName,Customer Organisation Name,CustomerName,varchar,255,System.String,True,,Professional Services,RM3787
22514,1025,739,Finance & Complex Legal Services,OrdersReceived,Orders,Default,CustPostCode,CustPostCode,Customer Post Code,CustomerPostcode,varchar,20,System.String,True,,Professional Services,RM3787
22515,1025,739,Finance & Complex Legal Services,OrdersReceived,Orders,Default,CustOrderNum,CustOrderNum,Matter Name,CustomerReferenceNumber,varchar,255,System.String,True,,Professional Services,RM3787
22516,1025,739,Finance & Complex Legal Services,OrdersReceived,Orders,Default,ProductDescription,ProductDescription,Matter Description,ProductDescription,varchar,255,System.String,True,,Professional Services,RM3787
22518,1025,739,Finance & Complex Legal Services,OrdersReceived,Orders,Default,CustContractStart,CustContractStart,Contract Start Date,ContractStartDate,varchar,,System.Date,True,,Professional Services,RM3787
22519,1025,739,Finance & Complex Legal Services,OrdersReceived,Orders,Default,CustContractEnd,CustContractEnd,Contract End Date,ContractEndDate,varchar,,System.Date,True,,Professional Services,RM3787
22526,1025,739,Finance & Complex Legal Services,OrdersReceived,Orders,Default,Value,Value,Expected Total Order Value,ContractValue,varchar,,System.Decimal,True,,Professional Services,RM3787
22517,1025,739,Finance & Complex Legal Services,OrdersReceived,Orders,User Defined,XCol2,XCol2,Sub-Contractor Name,Additional1,varchar,255,System.String,True,,Professional Services,RM3787
22520,1025,739,Finance & Complex Legal Services,OrdersReceived,Orders,User Defined,XCol3,XCol3,Expression Of Interest Used (Y/N),Additional2,varchar,1,System.String,True,,Professional Services,RM3787
22521,1025,739,Finance & Complex Legal Services,OrdersReceived,Orders,User Defined,XCol4,XCol4,Customer Response Time,Additional6,varchar,100,System.String,True,False,Professional Services,RM3787
22522,1025,739,Finance & Complex Legal Services,OrdersReceived,Orders,User Defined,XCol5,XCol5,Call Off Managing Entity,Additional3,varchar,29,System.String,True,,Professional Services,RM3787
22523,1025,739,Finance & Complex Legal Services,OrdersReceived,Orders,User Defined,XCol6,XCol6,Award Procedure,ContractAwardChannel,varchar,19,System.String,True,,Professional Services,RM3787
22524,1025,739,Finance & Complex Legal Services,OrdersReceived,Orders,User Defined,XCol7,XCol7,Pro-bono work included? (Y/N),Additional4,varchar,1,System.String,True,,Professional Services,RM3787
22525,1025,739,Finance & Complex Legal Services,OrdersReceived,Orders,User Defined,XCol8,XCol8,Expected Pro-Bono value,Additional5,varchar,,System.Decimal,True,,Professional Services,RM3787
